,Topic Group,Document Weight
0,Administration,0.1276899130271287
1,Cards,0.07746612989209455
2,EMS,0.03966272382506855
3,Infection,0.030105330212444135
4,Med Ed,0.08911525329073566
5,Mental Health,0.032823414855352985
6,Pain,0.07443163664688636
7,Peds,0.022667309106802862
8,Public Health,0.09853211096074373
9,Radiology,0.07211288768941841
10,Rescuscitation,0.14641501564195808
11,Stroke,0.02016370868766852
12,Toxicology,0.036734340622136714
13,Trauma,0.13208022554156068
